SET NAMES utf8mb4;
-- SangSangSeoGa 더미 데이터 2차분 (신작/표지·삽화 보강용, 자동 생성)
-- dummy_data.sql 다음에 실행해야 한다 (member 1~70, book 1~185 등 기존 id에 이어서 생성됨)
SET FOREIGN_KEY_CHECKS=0;

-- book (신작 20 rows, id 186~205)
INSERT INTO `book` (`id`, `member_id`, `book_type`, `creation_mode`, `author_age_group`, `reader_age_group`, `title`, `description`, `category`, `target_lang`, `style_code`, `cover_image_id`, `confirmed_settings`, `status`, `page_count`, `view_count`, `like_count`, `comment_count`, `week_view_count`, `week_like_count`, `created_at`, `updated_at`) VALUES
(186, 4, 'ESSAY', 'CHOICE', 'TEEN', 'ADULT', '머나먼 골목', '계절이 바뀌며 펼쳐지는 잔잔한 이야기입니다.', '에세이', 'ko', 'CARTOON', NULL, '{"generated": true}', 'PUBLISHED', 7, 183, 13, 2, 183, 13, '2026-07-20 20:51:00', '2026-07-20 20:51:00'),
(187, 5, 'FAIRY_TALE', 'ANSWER', 'ADULT', 'LOWER_ELEMENTARY', '작은 기차', '친구를 사귀는 방법을 배워가는 성장 이야기입니다.', '판타지', 'ko', 'REALISTIC', NULL, '{"generated": true}', 'PUBLISHED', 7, 296, 20, 5, 296, 20, '2026-07-20 15:24:00', '2026-07-20 15:24:00'),
(188, 6, 'POEM', 'CHOICE', 'ADULT', 'TEEN', '고요한 종소리', '작은 용기가 만들어낸 따뜻한 모험 이야기입니다.', '시', 'ko', 'PENCIL', NULL, '{"generated": true}', 'PUBLISHED', 7, 137, 17, 6, 137, 17, '2026-07-20 18:46:00', '2026-07-20 18:46:00'),
(189, 7, 'FAIRY_TALE', 'CHOICE', 'ADULT', 'LOWER_ELEMENTARY', '노을 지는 물레방아', '친구를 사귀는 방법을 배워가는 성장 이야기입니다.', '동화', 'ko', 'PENCIL', NULL, '{"generated": true}', 'PUBLISHED', 6, 572, 6, 5, 572, 6, '2026-07-21 11:59:00', '2026-07-21 11:59:00'),
(190, 8, 'NOVEL', 'ANSWER', 'TEEN', 'TEEN', '은빛 종소리', '잃어버린 것을 찾아 떠나는 신나는 여정을 담았습니다.', '로맨스', 'ko', 'CARTOON', NULL, '{"generated": true}', 'PUBLISHED', 8, 461, 11, 3, 461, 11, '2026-07-20 09:42:00', '2026-07-20 09:42:00'),
(191, 9, 'POEM', 'ANSWER', 'LOWER_ELEMENTARY', 'UPPER_ELEMENTARY', '고요한 물레방아', '계절이 바뀌며 펼쳐지는 잔잔한 이야기입니다.', '시', 'ko', 'CARTOON', NULL, '{"generated": true}', 'PUBLISHED', 7, 575, 1, 5, 575, 1, '2026-07-20 17:47:00', '2026-07-20 17:47:00'),
(192, 11, 'POEM', 'ANSWER', 'PRESCHOOL', 'ADULT', '작은 정원', '작은 용기가 만들어낸 따뜻한 모험 이야기입니다.', '시', 'ko', 'REALISTIC', NULL, '{"generated": true}', 'PUBLISHED', 7, 377, 2, 1, 377, 2, '2026-07-21 10:59:00', '2026-07-21 10:59:00'),
(193, 12, 'ESSAY', 'ANSWER', 'PRESCHOOL', 'PRESCHOOL', '따스한 물레방아', '계절이 바뀌며 펼쳐지는 잔잔한 이야기입니다.', '에세이', 'ko', 'REALISTIC', NULL, '{"generated": true}', 'PUBLISHED', 6, 585, 4, 3, 585, 4, '2026-07-20 21:23:00', '2026-07-20 21:23:00'),
(194, 14, 'NOVEL', 'MIXED', 'PRESCHOOL', 'LOWER_ELEMENTARY', '따스한 기차', '가족의 소중함을 다시 깨닫게 해주는 이야기입니다.', '소설', 'ko', 'CARTOON', NULL, '{"generated": true}', 'PUBLISHED', 8, 91, 8, 2, 91, 8, '2026-07-21 12:55:00', '2026-07-21 12:55:00'),
(195, 15, 'POEM', 'CHOICE', 'ADULT', 'ADULT', '은빛 골목', '낯선 곳에서 새 친구를 만나는 따뜻한 이야기입니다.', '시', 'ko', 'CARTOON', NULL, '{"generated": true}', 'PUBLISHED', 6, 20, 9, 2, 20, 9, '2026-07-21 16:53:00', '2026-07-21 16:53:00'),
(196, 16, 'ESSAY', 'ANSWER', 'TEEN', 'LOWER_ELEMENTARY', '빛나는 골목', '계절이 바뀌며 펼쳐지는 잔잔한 이야기입니다.', '에세이', 'ko', 'PENCIL', NULL, '{"generated": true}', 'PUBLISHED', 6, 129, 13, 1, 129, 13, '2026-07-20 22:48:00', '2026-07-20 22:48:00'),
(197, 17, 'NOVEL', 'ANSWER', 'LOWER_ELEMENTARY', 'LOWER_ELEMENTARY', '설레는 기차', '가족의 소중함을 다시 깨닫게 해주는 이야기입니다.', '미스터리', 'ko', 'REALISTIC', NULL, '{"generated": true}', 'PUBLISHED', 8, 239, 2, 3, 239, 2, '2026-07-21 19:09:00', '2026-07-21 19:09:00'),
(198, 18, 'FAIRY_TALE', 'MIXED', 'PRESCHOOL', 'UPPER_ELEMENTARY', '노을 지는 우산', '친구를 사귀는 방법을 배워가는 성장 이야기입니다.', '판타지', 'ko', 'CARTOON', NULL, '{"generated": true}', 'PUBLISHED', 6, 354, 10, 6, 354, 10, '2026-07-21 11:29:00', '2026-07-21 11:29:00'),
(199, 20, 'POEM', 'MIXED', 'UPPER_ELEMENTARY', 'ADULT', '노을 지는 등대', '가족의 소중함을 다시 깨닫게 해주는 이야기입니다.', '시', 'ko', 'REALISTIC', NULL, '{"generated": true}', 'PUBLISHED', 6, 97, 18, 5, 97, 18, '2026-07-21 19:12:00', '2026-07-21 19:12:00'),
(200, 21, 'FAIRY_TALE', 'MIXED', 'LOWER_ELEMENTARY', 'TEEN', '작은 골목', '작은 용기가 만들어낸 따뜻한 모험 이야기입니다.', '판타지', 'ko', 'PENCIL', NULL, '{"generated": true}', 'PUBLISHED', 5, 352, 5, 3, 352, 5, '2026-07-21 08:31:00', '2026-07-21 08:31:00'),
(201, 23, 'ESSAY', 'CHOICE', 'TEEN', 'ADULT', '설레는 종소리', '가족의 소중함을 다시 깨닫게 해주는 이야기입니다.', '에세이', 'ko', 'WATERCOLOR', NULL, '{"generated": true}', 'PUBLISHED', 6, 297, 9, 2, 297, 9, '2026-07-21 19:29:00', '2026-07-21 19:29:00'),
(202, 24, 'NOVEL', 'FREE', 'UPPER_ELEMENTARY', 'LOWER_ELEMENTARY', '빛나는 다락방', '낯선 곳에서 새 친구를 만나는 따뜻한 이야기입니다.', '로맨스', 'ko', 'PENCIL', NULL, '{"generated": true}', 'PUBLISHED', 8, 136, 2, 3, 136, 2, '2026-07-21 21:30:00', '2026-07-21 21:30:00'),
(203, 25, 'NOVEL', 'FREE', 'UPPER_ELEMENTARY', 'TEEN', '따스한 다락방', '작은 용기가 만들어낸 따뜻한 모험 이야기입니다.', '소설', 'ko', 'WATERCOLOR', NULL, '{"generated": true}', 'PUBLISHED', 6, 222, 13, 0, 222, 13, '2026-07-20 22:16:00', '2026-07-20 22:16:00'),
(204, 26, 'FAIRY_TALE', 'MIXED', 'LOWER_ELEMENTARY', 'TEEN', '빛나는 우체통', '계절이 바뀌며 펼쳐지는 잔잔한 이야기입니다.', '판타지', 'ko', 'REALISTIC', NULL, '{"generated": true}', 'PUBLISHED', 6, 466, 20, 6, 466, 20, '2026-07-21 10:37:00', '2026-07-21 10:37:00'),
(205, 27, 'FAIRY_TALE', 'ANSWER', 'LOWER_ELEMENTARY', 'UPPER_ELEMENTARY', '작은 종소리', '낯선 곳에서 새 친구를 만나는 따뜻한 이야기입니다.', '판타지', 'ko', 'REALISTIC', NULL, '{"generated": true}', 'PUBLISHED', 7, 516, 3, 0, 516, 3, '2026-07-21 15:56:00', '2026-07-21 15:56:00');

-- book_page (신작 170 rows)
INSERT INTO `book_page` (`id`, `book_id`, `page_no`, `title`, `content_type`, `content_text_ko`, `content_text_en`, `image_url`, `created_at`, `updated_at`) VALUES
(2058, 186, 1, '작은 약속', 'ESSAY', '바람이 불어올 때마다 종소리가 은은하게 울렸습니다. 다락방에 쌓인 먼지 속에서 오래된 이야기가 깨어났습니다.', 'Every small step slowly grew into real courage. Every small step slowly grew into real courage.', NULL, '2026-07-20 20:51:00', '2026-07-20 20:51:00'),
(2059, 186, 2, '마지막 인사', 'ESSAY', '작은 발걸음 하나하나가 커다란 용기로 이어졌습니다. 다락방에 쌓인 먼지 속에서 오래된 이야기가 깨어났습니다.', 'Dust settled over the attic, and an old story quietly woke up. The bookshop owner carefully handed over a worn, old book.', NULL, '2026-07-20 20:51:00', '2026-07-20 20:51:00'),
(2060, 186, 3, '돌아오는 길', 'ESSAY', '창밖으로 노을이 번지자 마을 전체가 붉게 물들었습니다. 비 갠 뒤 하늘에는 두 개의 무지개가 나란히 걸렸습니다.', 'She ended the day listening to the slow turn of the water mill. Every small step slowly grew into real courage.', NULL, '2026-07-20 20:51:00', '2026-07-20 20:51:00'),
(2061, 186, 4, '마지막 인사', 'ESSAY', '작은 발걸음 하나하나가 커다란 용기로 이어졌습니다. 물레방아가 돌아가는 소리를 들으며 하루를 마무리했습니다.', 'At the end of the unfamiliar alley, an unexpected friend was waiting. The bookshop owner carefully handed over a worn, old book.', NULL, '2026-07-20 20:51:00', '2026-07-20 20:51:00'),
(2062, 186, 5, '숨겨진 편지', 'ESSAY', '책방 주인은 낡은 책 한 권을 조심스레 건네주었습니다. 바람이 불어올 때마다 종소리가 은은하게 울렸습니다.', 'Every small step slowly grew into real courage. The sunset spilled through the window, painting the whole village red.', NULL, '2026-07-20 20:51:00', '2026-07-20 20:51:00'),
(2063, 186, 6, '다시 부는 바람', 'ESSAY', '낯선 골목 끝에서 뜻밖의 친구를 만났습니다. 작은 발걸음 하나하나가 커다란 용기로 이어졌습니다.', 'Each time the wind blew, a bell rang softly in the distance. Every small step slowly grew into real courage.', NULL, '2026-07-20 20:51:00', '2026-07-20 20:51:00'),
(2064, 186, 7, '마지막 인사', 'ESSAY', '낯선 골목 끝에서 뜻밖의 친구를 만났습니다. 비 갠 뒤 하늘에는 두 개의 무지개가 나란히 걸렸습니다.', 'Dust settled over the attic, and an old story quietly woke up. Inside the old mailbox sat a letter that was never sent.', NULL, '2026-07-20 20:51:00', '2026-07-20 20:51:00'),
(2065, 187, 1, '다시 부는 바람', 'PAGE', NULL, NULL, 'https://picsum.photos/seed/page2065/800/600', '2026-07-20 15:24:00', '2026-07-20 15:24:00'),
(2066, 187, 2, '다시 부는 바람', 'PAGE', '다락방에 쌓인 먼지 속에서 오래된 이야기가 깨어났습니다. 창밖으로 노을이 번지자 마을 전체가 붉게 물들었습니다.', 'Each time the wind blew, a bell rang softly in the distance. The sunset spilled through the window, painting the whole village red.', NULL, '2026-07-20 15:24:00', '2026-07-20 15:24:00'),
(2067, 187, 3, '숨겨진 편지', 'PAGE', NULL, NULL, 'https://picsum.photos/seed/page2067/800/600', '2026-07-20 15:24:00', '2026-07-20 15:24:00'),
(2068, 187, 4, '숨겨진 편지', 'PAGE', '기차가 지나갈 때마다 작은 마을은 잠시 멈춘 듯했습니다. 낯선 골목 끝에서 뜻밖의 친구를 만났습니다.', 'Every small step slowly grew into real courage. Each time the wind blew, a bell rang softly in the distance.', NULL, '2026-07-20 15:24:00', '2026-07-20 15:24:00'),
(2069, 187, 5, '숨겨진 편지', 'PAGE', NULL, NULL, 'https://picsum.photos/seed/page2069/800/600', '2026-07-20 15:24:00', '2026-07-20 15:24:00'),
(2070, 187, 6, '숨겨진 편지', 'PAGE', '바람이 불어올 때마다 종소리가 은은하게 울렸습니다. 비 갠 뒤 하늘에는 두 개의 무지개가 나란히 걸렸습니다.', 'Whenever the train passed, the little town seemed to pause for a moment. After the rain, two rainbows stood side by side in the sky.', NULL, '2026-07-20 15:24:00', '2026-07-20 15:24:00'),
(2071, 187, 7, '작은 약속', 'PAGE', NULL, NULL, 'https://picsum.photos/seed/page2071/800/600', '2026-07-20 15:24:00', '2026-07-20 15:24:00'),
(2072, 187, 8, '작은 약속', 'PAGE', '낯선 골목 끝에서 뜻밖의 친구를 만났습니다. 오래된 우체통 속에는 아직 부치지 못한 편지가 남아 있었습니다.', 'Each time the wind blew, a bell rang softly in the distance. She ended the day listening to the slow turn of the water mill.', NULL, '2026-07-20 15:24:00', '2026-07-20 15:24:00'),
(2073, 187, 9, '돌아오는 길', 'PAGE', NULL, NULL, 'https://picsum.photos/seed/page2073/800/600', '2026-07-20 15:24:00', '2026-07-20 15:24:00'),
(2074, 187, 10, '돌아오는 길', 'PAGE', '책방 주인은 낡은 책 한 권을 조심스레 건네주었습니다. 기차가 지나갈 때마다 작은 마을은 잠시 멈춘 듯했습니다.', 'The bookshop owner carefully handed over a worn, old book. Whenever the train passed, the little town seemed to pause for a moment.', NULL, '2026-07-20 15:24:00', '2026-07-20 15:24:00'),
(2075, 187, 11, '숨겨진 편지', 'PAGE', NULL, NULL, 'https://picsum.photos/seed/page2075/800/600', '2026-07-20 15:24:00', '2026-07-20 15:24:00'),
(2076, 187, 12, '숨겨진 편지', 'PAGE', '바람이 불어올 때마다 종소리가 은은하게 울렸습니다. 오래된 우체통 속에는 아직 부치지 못한 편지가 남아 있었습니다.', 'She ended the day listening to the slow turn of the water mill. After the rain, two rainbows stood side by side in the sky.', NULL, '2026-07-20 15:24:00', '2026-07-20 15:24:00'),
(2077, 187, 13, '노을 지는 골목', 'PAGE', NULL, NULL, 'https://picsum.photos/seed/page2077/800/600', '2026-07-20 15:24:00', '2026-07-20 15:24:00'),
(2078, 187, 14, '노을 지는 골목', 'PAGE', '창밖으로 노을이 번지자 마을 전체가 붉게 물들었습니다. 작은 발걸음 하나하나가 커다란 용기로 이어졌습니다.', 'Inside the old mailbox sat a letter that was never sent. Inside the old mailbox sat a letter that was never sent.', NULL, '2026-07-20 15:24:00', '2026-07-20 15:24:00'),
(2079, 188, 1, '숨겨진 편지', 'POEM', '작은 발걸음 하나하나가 커다란 용기로 이어졌습니다. 낯선 골목 끝에서 뜻밖의 친구를 만났습니다.', 'Whenever the train passed, the little town seemed to pause for a moment. Inside the old mailbox sat a letter that was never sent.', NULL, '2026-07-20 18:46:00', '2026-07-20 18:46:00'),
(2080, 188, 2, '새로운 아침', 'POEM', '창밖으로 노을이 번지자 마을 전체가 붉게 물들었습니다. 낯선 골목 끝에서 뜻밖의 친구를 만났습니다.', 'She ended the day listening to the slow turn of the water mill. Inside the old mailbox sat a letter that was never sent.', NULL, '2026-07-20 18:46:00', '2026-07-20 18:46:00'),
(2081, 188, 3, '노을 지는 골목', 'POEM', '낯선 골목 끝에서 뜻밖의 친구를 만났습니다. 물레방아가 돌아가는 소리를 들으며 하루를 마무리했습니다.', 'The bookshop owner carefully handed over a worn, old book. Each time the wind blew, a bell rang softly in the distance.', NULL, '2026-07-20 18:46:00', '2026-07-20 18:46:00'),
(2082, 188, 4, '작은 약속', 'POEM', '다락방에 쌓인 먼지 속에서 오래된 이야기가 깨어났습니다. 오래된 우체통 속에는 아직 부치지 못한 편지가 남아 있었습니다.', 'She ended the day listening to the slow turn of the water mill. She ended the day listening to the slow turn of the water mill.', NULL, '2026-07-20 18:46:00', '2026-07-20 18:46:00'),
(2083, 188, 5, '첫 만남', 'POEM', '책방 주인은 낡은 책 한 권을 조심스레 건네주었습니다. 다락방에 쌓인 먼지 속에서 오래된 이야기가 깨어났습니다.', 'After the rain, two rainbows stood side by side in the sky. The sunset spilled through the window, painting the whole village red.', NULL, '2026-07-20 18:46:00', '2026-07-20 18:46:00'),
(2084, 188, 6, '노을 지는 골목', 'POEM', '다락방에 쌓인 먼지 속에서 오래된 이야기가 깨어났습니다. 낯선 골목 끝에서 뜻밖의 친구를 만났습니다.', 'Each time the wind blew, a bell rang softly in the distance. The sunset spilled through the window, painting the whole village red.', NULL, '2026-07-20 18:46:00', '2026-07-20 18:46:00'),
(2085, 188, 7, '다시 부는 바람', 'POEM', '책방 주인은 낡은 책 한 권을 조심스레 건네주었습니다. 작은 발걸음 하나하나가 커다란 용기로 이어졌습니다.', 'Every small step slowly grew into real courage. After the rain, two rainbows stood side by side in the sky.', NULL, '2026-07-20 18:46:00', '2026-07-20 18:46:00'),
(2086, 189, 1, '마지막 인사', 'PAGE', NULL, NULL, 'https://picsum.photos/seed/page2086/800/600', '2026-07-21 11:59:00', '2026-07-21 11:59:00'),
(2087, 189, 2, '마지막 인사', 'PAGE', '다락방에 쌓인 먼지 속에서 오래된 이야기가 깨어났습니다. 비 갠 뒤 하늘에는 두 개의 무지개가 나란히 걸렸습니다.', 'She ended the day listening to the slow turn of the water mill. After the rain, two rainbows stood side by side in the sky.', NULL, '2026-07-21 11:59:00', '2026-07-21 11:59:00'),
(2088, 189, 3, '노을 지는 골목', 'PAGE', NULL, NULL, 'https://picsum.photos/seed/page2088/800/600', '2026-07-21 11:59:00', '2026-07-21 11:59:00'),
(2089, 189, 4, '노을 지는 골목', 'PAGE', '바람이 불어올 때마다 종소리가 은은하게 울렸습니다. 바람이 불어올 때마다 종소리가 은은하게 울렸습니다.', 'Every small step slowly grew into real courage. Dust settled over the attic, and an old story quietly woke up.', NULL, '2026-07-21 11:59:00', '2026-07-21 11:59:00'),
(2090, 189, 5, '첫 만남', 'PAGE', NULL, NULL, 'https://picsum.photos/seed/page2090/800/600', '2026-07-21 11:59:00', '2026-07-21 11:59:00'),
(2091, 189, 6, '첫 만남', 'PAGE', '책방 주인은 낡은 책 한 권을 조심스레 건네주었습니다. 물레방아가 돌아가는 소리를 들으며 하루를 마무리했습니다.', 'Each time the wind blew, a bell rang softly in the distance. The bookshop owner carefully handed over a worn, old book.', NULL, '2026-07-21 11:59:00', '2026-07-21 11:59:00'),
(2092, 189, 7, '다시 부는 바람', 'PAGE', NULL, NULL, 'https://picsum.photos/seed/page2092/800/600', '2026-07-21 11:59:00', '2026-07-21 11:59:00'),
(2093, 189, 8, '다시 부는 바람', 'PAGE', '창밖으로 노을이 번지자 마을 전체가 붉게 물들었습니다. 작은 발걸음 하나하나가 커다란 용기로 이어졌습니다.', 'The sunset spilled through the window, painting the whole village red. Each time the wind blew, a bell rang softly in the distance.', NULL, '2026-07-21 11:59:00', '2026-07-21 11:59:00'),
(2094, 189, 9, '노을 지는 골목', 'PAGE', NULL, NULL, 'https://picsum.photos/seed/page2094/800/600', '2026-07-21 11:59:00', '2026-07-21 11:59:00'),
(2095, 189, 10, '노을 지는 골목', 'PAGE', '창밖으로 노을이 번지자 마을 전체가 붉게 물들었습니다. 다락방에 쌓인 먼지 속에서 오래된 이야기가 깨어났습니다.', 'Every small step slowly grew into real courage. She ended the day listening to the slow turn of the water mill.', NULL, '2026-07-21 11:59:00', '2026-07-21 11:59:00'),
(2096, 189, 11, '다시 부는 바람', 'PAGE', NULL, NULL, 'https://picsum.photos/seed/page2096/800/600', '2026-07-21 11:59:00', '2026-07-21 11:59:00'),
(2097, 189, 12, '다시 부는 바람', 'PAGE', '낯선 골목 끝에서 뜻밖의 친구를 만났습니다. 비 갠 뒤 하늘에는 두 개의 무지개가 나란히 걸렸습니다.', 'Each time the wind blew, a bell rang softly in the distance. She ended the day listening to the slow turn of the water mill.', NULL, '2026-07-21 11:59:00', '2026-07-21 11:59:00'),
(2098, 190, 1, '새로운 아침', 'CHAPTER', '창밖으로 노을이 번지자 마을 전체가 붉게 물들었습니다. 작은 발걸음 하나하나가 커다란 용기로 이어졌습니다.', 'The sunset spilled through the window, painting the whole village red. Whenever the train passed, the little town seemed to pause for a moment.', NULL, '2026-07-20 09:42:00', '2026-07-20 09:42:00'),
(2099, 190, 2, '숨겨진 편지', 'CHAPTER', '작은 발걸음 하나하나가 커다란 용기로 이어졌습니다. 바람이 불어올 때마다 종소리가 은은하게 울렸습니다.', 'Each time the wind blew, a bell rang softly in the distance. Each time the wind blew, a bell rang softly in the distance.', NULL, '2026-07-20 09:42:00', '2026-07-20 09:42:00'),
(2100, 190, 3, '새로운 아침', 'CHAPTER', '오래된 우체통 속에는 아직 부치지 못한 편지가 남아 있었습니다. 기차가 지나갈 때마다 작은 마을은 잠시 멈춘 듯했습니다.', 'Inside the old mailbox sat a letter that was never sent. At the end of the unfamiliar alley, an unexpected friend was waiting.', NULL, '2026-07-20 09:42:00', '2026-07-20 09:42:00'),
(2101, 190, 4, '새로운 아침', 'CHAPTER', '바람이 불어올 때마다 종소리가 은은하게 울렸습니다. 작은 발걸음 하나하나가 커다란 용기로 이어졌습니다.', 'After the rain, two rainbows stood side by side in the sky. She ended the day listening to the slow turn of the water mill.', NULL, '2026-07-20 09:42:00', '2026-07-20 09:42:00'),
(2102, 190, 5, '노을 지는 골목', 'CHAPTER', '창밖으로 노을이 번지자 마을 전체가 붉게 물들었습니다. 물레방아가 돌아가는 소리를 들으며 하루를 마무리했습니다.', 'The sunset spilled through the window, painting the whole village red. Every small step slowly grew into real courage.', NULL, '2026-07-20 09:42:00', '2026-07-20 09:42:00'),
(2103, 190, 6, '다시 부는 바람', 'CHAPTER', '오래된 우체통 속에는 아직 부치지 못한 편지가 남아 있었습니다. 기차가 지나갈 때마다 작은 마을은 잠시 멈춘 듯했습니다.', 'After the rain, two rainbows stood side by side in the sky. After the rain, two rainbows stood side by side in the sky.', NULL, '2026-07-20 09:42:00', '2026-07-20 09:42:00'),
(2104, 190, 7, '다시 부는 바람', 'CHAPTER', '기차가 지나갈 때마다 작은 마을은 잠시 멈춘 듯했습니다. 창밖으로 노을이 번지자 마을 전체가 붉게 물들었습니다.', 'Inside the old mailbox sat a letter that was never sent. Whenever the train passed, the little town seemed to pause for a moment.', NULL, '2026-07-20 09:42:00', '2026-07-20 09:42:00'),
(2105, 190, 8, '첫 만남', 'CHAPTER', '기차가 지나갈 때마다 작은 마을은 잠시 멈춘 듯했습니다. 낯선 골목 끝에서 뜻밖의 친구를 만났습니다.', 'After the rain, two rainbows stood side by side in the sky. At the end of the unfamiliar alley, an unexpected friend was waiting.', NULL, '2026-07-20 09:42:00', '2026-07-20 09:42:00'),
(2106, 191, 1, '첫 만남', 'POEM', '창밖으로 노을이 번지자 마을 전체가 붉게 물들었습니다. 책방 주인은 낡은 책 한 권을 조심스레 건네주었습니다.', 'After the rain, two rainbows stood side by side in the sky. She ended the day listening to the slow turn of the water mill.', NULL, '2026-07-20 17:47:00', '2026-07-20 17:47:00'),
(2107, 191, 2, '작은 약속', 'POEM', '창밖으로 노을이 번지자 마을 전체가 붉게 물들었습니다. 물레방아가 돌아가는 소리를 들으며 하루를 마무리했습니다.', 'Every small step slowly grew into real courage. Inside the old mailbox sat a letter that was never sent.', NULL, '2026-07-20 17:47:00', '2026-07-20 17:47:00'),
(2108, 191, 3, '노을 지는 골목', 'POEM', '책방 주인은 낡은 책 한 권을 조심스레 건네주었습니다. 작은 발걸음 하나하나가 커다란 용기로 이어졌습니다.', 'Each time the wind blew, a bell rang softly in the distance. Whenever the train passed, the little town seemed to pause for a moment.', NULL, '2026-07-20 17:47:00', '2026-07-20 17:47:00'),
(2109, 191, 4, '노을 지는 골목', 'POEM', '책방 주인은 낡은 책 한 권을 조심스레 건네주었습니다. 바람이 불어올 때마다 종소리가 은은하게 울렸습니다.', 'The bookshop owner carefully handed over a worn, old book. The bookshop owner carefully handed over a worn, old book.', NULL, '2026-07-20 17:47:00', '2026-07-20 17:47:00'),
(2110, 191, 5, '첫 만남', 'POEM', '책방 주인은 낡은 책 한 권을 조심스레 건네주었습니다. 작은 발걸음 하나하나가 커다란 용기로 이어졌습니다.', 'Whenever the train passed, the little town seemed to pause for a moment. The bookshop owner carefully handed over a worn, old book.', NULL, '2026-07-20 17:47:00', '2026-07-20 17:47:00'),
(2111, 191, 6, '숨겨진 편지', 'POEM', '낯선 골목 끝에서 뜻밖의 친구를 만났습니다. 바람이 불어올 때마다 종소리가 은은하게 울렸습니다.', 'Dust settled over the attic, and an old story quietly woke up. Each time the wind blew, a bell rang softly in the distance.', NULL, '2026-07-20 17:47:00', '2026-07-20 17:47:00'),
(2112, 191, 7, '돌아오는 길', 'POEM', '기차가 지나갈 때마다 작은 마을은 잠시 멈춘 듯했습니다. 오래된 우체통 속에는 아직 부치지 못한 편지가 남아 있었습니다.', 'At the end of the unfamiliar alley, an unexpected friend was waiting. After the rain, two rainbows stood side by side in the sky.', NULL, '2026-07-20 17:47:00', '2026-07-20 17:47:00'),
(2113, 192, 1, '돌아오는 길', 'POEM', '오래된 우체통 속에는 아직 부치지 못한 편지가 남아 있었습니다. 비 갠 뒤 하늘에는 두 개의 무지개가 나란히 걸렸습니다.', 'She ended the day listening to the slow turn of the water mill. At the end of the unfamiliar alley, an unexpected friend was waiting.', NULL, '2026-07-21 10:59:00', '2026-07-21 10:59:00'),
(2114, 192, 2, '첫 만남', 'POEM', '물레방아가 돌아가는 소리를 들으며 하루를 마무리했습니다. 낯선 골목 끝에서 뜻밖의 친구를 만났습니다.', 'Every small step slowly grew into real courage. Inside the old mailbox sat a letter that was never sent.', NULL, '2026-07-21 10:59:00', '2026-07-21 10:59:00'),
(2115, 192, 3, '돌아오는 길', 'POEM', '작은 발걸음 하나하나가 커다란 용기로 이어졌습니다. 작은 발걸음 하나하나가 커다란 용기로 이어졌습니다.', 'She ended the day listening to the slow turn of the water mill. Inside the old mailbox sat a letter that was never sent.', NULL, '2026-07-21 10:59:00', '2026-07-21 10:59:00'),
(2116, 192, 4, '돌아오는 길', 'POEM', '낯선 골목 끝에서 뜻밖의 친구를 만났습니다. 책방 주인은 낡은 책 한 권을 조심스레 건네주었습니다.', 'Each time the wind blew, a bell rang softly in the distance. Dust settled over the attic, and an old story quietly woke up.', NULL, '2026-07-21 10:59:00', '2026-07-21 10:59:00'),
(2117, 192, 5, '다시 부는 바람', 'POEM', '낯선 골목 끝에서 뜻밖의 친구를 만났습니다. 물레방아가 돌아가는 소리를 들으며 하루를 마무리했습니다.', 'After the rain, two rainbows stood side by side in the sky. At the end of the unfamiliar alley, an unexpected friend was waiting.', NULL, '2026-07-21 10:59:00', '2026-07-21 10:59:00'),
(2118, 192, 6, '첫 만남', 'POEM', '작은 발걸음 하나하나가 커다란 용기로 이어졌습니다. 기차가 지나갈 때마다 작은 마을은 잠시 멈춘 듯했습니다.', 'At the end of the unfamiliar alley, an unexpected friend was waiting. The sunset spilled through the window, painting the whole village red.', NULL, '2026-07-21 10:59:00', '2026-07-21 10:59:00'),
(2119, 192, 7, '첫 만남', 'POEM', '다락방에 쌓인 먼지 속에서 오래된 이야기가 깨어났습니다. 오래된 우체통 속에는 아직 부치지 못한 편지가 남아 있었습니다.', 'At the end of the unfamiliar alley, an unexpected friend was waiting. Inside the old mailbox sat a letter that was never sent.', NULL, '2026-07-21 10:59:00', '2026-07-21 10:59:00'),
(2120, 193, 1, '첫 만남', 'ESSAY', '낯선 골목 끝에서 뜻밖의 친구를 만났습니다. 다락방에 쌓인 먼지 속에서 오래된 이야기가 깨어났습니다.', 'The sunset spilled through the window, painting the whole village red. Dust settled over the attic, and an old story quietly woke up.', NULL, '2026-07-20 21:23:00', '2026-07-20 21:23:00'),
(2121, 193, 2, '다시 부는 바람', 'ESSAY', '바람이 불어올 때마다 종소리가 은은하게 울렸습니다. 작은 발걸음 하나하나가 커다란 용기로 이어졌습니다.', 'Dust settled over the attic, and an old story quietly woke up. She ended the day listening to the slow turn of the water mill.', NULL, '2026-07-20 21:23:00', '2026-07-20 21:23:00'),
(2122, 193, 3, '마지막 인사', 'ESSAY', '책방 주인은 낡은 책 한 권을 조심스레 건네주었습니다. 오래된 우체통 속에는 아직 부치지 못한 편지가 남아 있었습니다.', 'Each time the wind blew, a bell rang softly in the distance. Inside the old mailbox sat a letter that was never sent.', NULL, '2026-07-20 21:23:00', '2026-07-20 21:23:00'),
(2123, 193, 4, '작은 약속', 'ESSAY', '기차가 지나갈 때마다 작은 마을은 잠시 멈춘 듯했습니다. 창밖으로 노을이 번지자 마을 전체가 붉게 물들었습니다.', 'Inside the old mailbox sat a letter that was never sent. Dust settled over the attic, and an old story quietly woke up.', NULL, '2026-07-20 21:23:00', '2026-07-20 21:23:00'),
(2124, 193, 5, '마지막 인사', 'ESSAY', '바람이 불어올 때마다 종소리가 은은하게 울렸습니다. 낯선 골목 끝에서 뜻밖의 친구를 만났습니다.', 'Inside the old mailbox sat a letter that was never sent. Every small step slowly grew into real courage.', NULL, '2026-07-20 21:23:00', '2026-07-20 21:23:00'),
(2125, 193, 6, '마지막 인사', 'ESSAY', '창밖으로 노을이 번지자 마을 전체가 붉게 물들었습니다. 비 갠 뒤 하늘에는 두 개의 무지개가 나란히 걸렸습니다.', 'Each time the wind blew, a bell rang softly in the distance. Each time the wind blew, a bell rang softly in the distance.', NULL, '2026-07-20 21:23:00', '2026-07-20 21:23:00'),
(2126, 194, 1, '숨겨진 편지', 'CHAPTER', '창밖으로 노을이 번지자 마을 전체가 붉게 물들었습니다. 작은 발걸음 하나하나가 커다란 용기로 이어졌습니다.', 'At the end of the unfamiliar alley, an unexpected friend was waiting. Inside the old mailbox sat a letter that was never sent.', NULL, '2026-07-21 12:55:00', '2026-07-21 12:55:00'),
(2127, 194, 2, '돌아오는 길', 'CHAPTER', '창밖으로 노을이 번지자 마을 전체가 붉게 물들었습니다. 작은 발걸음 하나하나가 커다란 용기로 이어졌습니다.', 'The bookshop owner carefully handed over a worn, old book. Whenever the train passed, the little town seemed to pause for a moment.', NULL, '2026-07-21 12:55:00', '2026-07-21 12:55:00'),
(2128, 194, 3, '숨겨진 편지', 'CHAPTER', '다락방에 쌓인 먼지 속에서 오래된 이야기가 깨어났습니다. 기차가 지나갈 때마다 작은 마을은 잠시 멈춘 듯했습니다.', 'The bookshop owner carefully handed over a worn, old book. She ended the day listening to the slow turn of the water mill.', NULL, '2026-07-21 12:55:00', '2026-07-21 12:55:00'),
(2129, 194, 4, '노을 지는 골목', 'CHAPTER', '기차가 지나갈 때마다 작은 마을은 잠시 멈춘 듯했습니다. 책방 주인은 낡은 책 한 권을 조심스레 건네주었습니다.', 'Each time the wind blew, a bell rang softly in the distance. At the end of the unfamiliar alley, an unexpected friend was waiting.', NULL, '2026-07-21 12:55:00', '2026-07-21 12:55:00'),
(2130, 194, 5, '첫 만남', 'CHAPTER', '기차가 지나갈 때마다 작은 마을은 잠시 멈춘 듯했습니다. 창밖으로 노을이 번지자 마을 전체가 붉게 물들었습니다.', 'She ended the day listening to the slow turn of the water mill. She ended the day listening to the slow turn of the water mill.', NULL, '2026-07-21 12:55:00', '2026-07-21 12:55:00'),
(2131, 194, 6, '다시 부는 바람', 'CHAPTER', '다락방에 쌓인 먼지 속에서 오래된 이야기가 깨어났습니다. 기차가 지나갈 때마다 작은 마을은 잠시 멈춘 듯했습니다.', 'Every small step slowly grew into real courage. Dust settled over the attic, and an old story quietly woke up.', NULL, '2026-07-21 12:55:00', '2026-07-21 12:55:00'),
(2132, 194, 7, '숨겨진 편지', 'CHAPTER', '작은 발걸음 하나하나가 커다란 용기로 이어졌습니다. 낯선 골목 끝에서 뜻밖의 친구를 만났습니다.', 'She ended the day listening to the slow turn of the water mill. At the end of the unfamiliar alley, an unexpected friend was waiting.', NULL, '2026-07-21 12:55:00', '2026-07-21 12:55:00'),
(2133, 194, 8, '마지막 인사', 'CHAPTER', '다락방에 쌓인 먼지 속에서 오래된 이야기가 깨어났습니다. 기차가 지나갈 때마다 작은 마을은 잠시 멈춘 듯했습니다.', 'At the end of the unfamiliar alley, an unexpected friend was waiting. She ended the day listening to the slow turn of the water mill.', NULL, '2026-07-21 12:55:00', '2026-07-21 12:55:00'),
(2134, 195, 1, '마지막 인사', 'POEM', '책방 주인은 낡은 책 한 권을 조심스레 건네주었습니다. 책방 주인은 낡은 책 한 권을 조심스레 건네주었습니다.', 'Dust settled over the attic, and an old story quietly woke up. After the rain, two rainbows stood side by side in the sky.', NULL, '2026-07-21 16:53:00', '2026-07-21 16:53:00'),
(2135, 195, 2, '새로운 아침', 'POEM', '비 갠 뒤 하늘에는 두 개의 무지개가 나란히 걸렸습니다. 바람이 불어올 때마다 종소리가 은은하게 울렸습니다.', 'She ended the day listening to the slow turn of the water mill. After the rain, two rainbows stood side by side in the sky.', NULL, '2026-07-21 16:53:00', '2026-07-21 16:53:00'),
(2136, 195, 3, '작은 약속', 'POEM', '작은 발걸음 하나하나가 커다란 용기로 이어졌습니다. 낯선 골목 끝에서 뜻밖의 친구를 만났습니다.', 'She ended the day listening to the slow turn of the water mill. The bookshop owner carefully handed over a worn, old book.', NULL, '2026-07-21 16:53:00', '2026-07-21 16:53:00'),
(2137, 195, 4, '숨겨진 편지', 'POEM', '작은 발걸음 하나하나가 커다란 용기로 이어졌습니다. 바람이 불어올 때마다 종소리가 은은하게 울렸습니다.', 'At the end of the unfamiliar alley, an unexpected friend was waiting. Each time the wind blew, a bell rang softly in the distance.', NULL, '2026-07-21 16:53:00', '2026-07-21 16:53:00'),
(2138, 195, 5, '다시 부는 바람', 'POEM', '오래된 우체통 속에는 아직 부치지 못한 편지가 남아 있었습니다. 창밖으로 노을이 번지자 마을 전체가 붉게 물들었습니다.', 'The sunset spilled through the window, painting the whole village red. Each time the wind blew, a bell rang softly in the distance.', NULL, '2026-07-21 16:53:00', '2026-07-21 16:53:00'),
(2139, 195, 6, '새로운 아침', 'POEM', '책방 주인은 낡은 책 한 권을 조심스레 건네주었습니다. 작은 발걸음 하나하나가 커다란 용기로 이어졌습니다.', 'After the rain, two rainbows stood side by side in the sky. Whenever the train passed, the little town seemed to pause for a moment.', NULL, '2026-07-21 16:53:00', '2026-07-21 16:53:00'),
(2140, 196, 1, '새로운 아침', 'ESSAY', '창밖으로 노을이 번지자 마을 전체가 붉게 물들었습니다. 물레방아가 돌아가는 소리를 들으며 하루를 마무리했습니다.', 'Each time the wind blew, a bell rang softly in the distance. Every small step slowly grew into real courage.', NULL, '2026-07-20 22:48:00', '2026-07-20 22:48:00'),
(2141, 196, 2, '새로운 아침', 'ESSAY', '오래된 우체통 속에는 아직 부치지 못한 편지가 남아 있었습니다. 비 갠 뒤 하늘에는 두 개의 무지개가 나란히 걸렸습니다.', 'She ended the day listening to the slow turn of the water mill. She ended the day listening to the slow turn of the water mill.', NULL, '2026-07-20 22:48:00', '2026-07-20 22:48:00'),
(2142, 196, 3, '숨겨진 편지', 'ESSAY', '비 갠 뒤 하늘에는 두 개의 무지개가 나란히 걸렸습니다. 책방 주인은 낡은 책 한 권을 조심스레 건네주었습니다.', 'She ended the day listening to the slow turn of the water mill. Whenever the train passed, the little town seemed to pause for a moment.', NULL, '2026-07-20 22:48:00', '2026-07-20 22:48:00'),
(2143, 196, 4, '새로운 아침', 'ESSAY', '오래된 우체통 속에는 아직 부치지 못한 편지가 남아 있었습니다. 비 갠 뒤 하늘에는 두 개의 무지개가 나란히 걸렸습니다.', 'After the rain, two rainbows stood side by side in the sky. At the end of the unfamiliar alley, an unexpected friend was waiting.', NULL, '2026-07-20 22:48:00', '2026-07-20 22:48:00'),
(2144, 196, 5, '다시 부는 바람', 'ESSAY', '낯선 골목 끝에서 뜻밖의 친구를 만났습니다. 물레방아가 돌아가는 소리를 들으며 하루를 마무리했습니다.', 'After the rain, two rainbows stood side by side in the sky. Each time the wind blew, a bell rang softly in the distance.', NULL, '2026-07-20 22:48:00', '2026-07-20 22:48:00'),
(2145, 196, 6, '돌아오는 길', 'ESSAY', '비 갠 뒤 하늘에는 두 개의 무지개가 나란히 걸렸습니다. 작은 발걸음 하나하나가 커다란 용기로 이어졌습니다.', 'At the end of the unfamiliar alley, an unexpected friend was waiting. Each time the wind blew, a bell rang softly in the distance.', NULL, '2026-07-20 22:48:00', '2026-07-20 22:48:00'),
(2146, 197, 1, '숨겨진 편지', 'CHAPTER', '물레방아가 돌아가는 소리를 들으며 하루를 마무리했습니다. 비 갠 뒤 하늘에는 두 개의 무지개가 나란히 걸렸습니다.', 'Whenever the train passed, the little town seemed to pause for a moment. The sunset spilled through the window, painting the whole village red.', NULL, '2026-07-21 19:09:00', '2026-07-21 19:09:00'),
(2147, 197, 2, '다시 부는 바람', 'CHAPTER', '기차가 지나갈 때마다 작은 마을은 잠시 멈춘 듯했습니다. 기차가 지나갈 때마다 작은 마을은 잠시 멈춘 듯했습니다.', 'The bookshop owner carefully handed over a worn, old book. The sunset spilled through the window, painting the whole village red.', NULL, '2026-07-21 19:09:00', '2026-07-21 19:09:00'),
(2148, 197, 3, '마지막 인사', 'CHAPTER', '비 갠 뒤 하늘에는 두 개의 무지개가 나란히 걸렸습니다. 창밖으로 노을이 번지자 마을 전체가 붉게 물들었습니다.', 'Dust settled over the attic, and an old story quietly woke up. At the end of the unfamiliar alley, an unexpected friend was waiting.', NULL, '2026-07-21 19:09:00', '2026-07-21 19:09:00'),
(2149, 197, 4, '마지막 인사', 'CHAPTER', '기차가 지나갈 때마다 작은 마을은 잠시 멈춘 듯했습니다. 물레방아가 돌아가는 소리를 들으며 하루를 마무리했습니다.', 'She ended the day listening to the slow turn of the water mill. The bookshop owner carefully handed over a worn, old book.', NULL, '2026-07-21 19:09:00', '2026-07-21 19:09:00'),
(2150, 197, 5, '다시 부는 바람', 'CHAPTER', '비 갠 뒤 하늘에는 두 개의 무지개가 나란히 걸렸습니다. 바람이 불어올 때마다 종소리가 은은하게 울렸습니다.', 'At the end of the unfamiliar alley, an unexpected friend was waiting. Whenever the train passed, the little town seemed to pause for a moment.', NULL, '2026-07-21 19:09:00', '2026-07-21 19:09:00'),
(2151, 197, 6, '새로운 아침', 'CHAPTER', '창밖으로 노을이 번지자 마을 전체가 붉게 물들었습니다. 기차가 지나갈 때마다 작은 마을은 잠시 멈춘 듯했습니다.', 'Dust settled over the attic, and an old story quietly woke up. Whenever the train passed, the little town seemed to pause for a moment.', NULL, '2026-07-21 19:09:00', '2026-07-21 19:09:00'),
(2152, 197, 7, '작은 약속', 'CHAPTER', '비 갠 뒤 하늘에는 두 개의 무지개가 나란히 걸렸습니다. 오래된 우체통 속에는 아직 부치지 못한 편지가 남아 있었습니다.', 'The bookshop owner carefully handed over a worn, old book. She ended the day listening to the slow turn of the water mill.', NULL, '2026-07-21 19:09:00', '2026-07-21 19:09:00'),
(2153, 197, 8, '첫 만남', 'CHAPTER', '기차가 지나갈 때마다 작은 마을은 잠시 멈춘 듯했습니다. 책방 주인은 낡은 책 한 권을 조심스레 건네주었습니다.', 'The bookshop owner carefully handed over a worn, old book. The sunset spilled through the window, painting the whole village red.', NULL, '2026-07-21 19:09:00', '2026-07-21 19:09:00'),
(2154, 198, 1, '돌아오는 길', 'PAGE', NULL, NULL, 'https://picsum.photos/seed/page2154/800/600', '2026-07-21 11:29:00', '2026-07-21 11:29:00'),
(2155, 198, 2, '돌아오는 길', 'PAGE', '기차가 지나갈 때마다 작은 마을은 잠시 멈춘 듯했습니다. 낯선 골목 끝에서 뜻밖의 친구를 만났습니다.', 'Every small step slowly grew into real courage. After the rain, two rainbows stood side by side in the sky.', NULL, '2026-07-21 11:29:00', '2026-07-21 11:29:00'),
(2156, 198, 3, '첫 만남', 'PAGE', NULL, NULL, 'https://picsum.photos/seed/page2156/800/600', '2026-07-21 11:29:00', '2026-07-21 11:29:00'),
(2157, 198, 4, '첫 만남', 'PAGE', '물레방아가 돌아가는 소리를 들으며 하루를 마무리했습니다. 창밖으로 노을이 번지자 마을 전체가 붉게 물들었습니다.', 'Dust settled over the attic, and an old story quietly woke up. Each time the wind blew, a bell rang softly in the distance.', NULL, '2026-07-21 11:29:00', '2026-07-21 11:29:00'),
(2158, 198, 5, '노을 지는 골목', 'PAGE', NULL, NULL, 'https://picsum.photos/seed/page2158/800/600', '2026-07-21 11:29:00', '2026-07-21 11:29:00'),
(2159, 198, 6, '노을 지는 골목', 'PAGE', '창밖으로 노을이 번지자 마을 전체가 붉게 물들었습니다. 창밖으로 노을이 번지자 마을 전체가 붉게 물들었습니다.', 'Each time the wind blew, a bell rang softly in the distance. Each time the wind blew, a bell rang softly in the distance.', NULL, '2026-07-21 11:29:00', '2026-07-21 11:29:00'),
(2160, 198, 7, '첫 만남', 'PAGE', NULL, NULL, 'https://picsum.photos/seed/page2160/800/600', '2026-07-21 11:29:00', '2026-07-21 11:29:00'),
(2161, 198, 8, '첫 만남', 'PAGE', '책방 주인은 낡은 책 한 권을 조심스레 건네주었습니다. 오래된 우체통 속에는 아직 부치지 못한 편지가 남아 있었습니다.', 'Each time the wind blew, a bell rang softly in the distance. Inside the old mailbox sat a letter that was never sent.', NULL, '2026-07-21 11:29:00', '2026-07-21 11:29:00'),
(2162, 198, 9, '새로운 아침', 'PAGE', NULL, NULL, 'https://picsum.photos/seed/page2162/800/600', '2026-07-21 11:29:00', '2026-07-21 11:29:00'),
(2163, 198, 10, '새로운 아침', 'PAGE', '작은 발걸음 하나하나가 커다란 용기로 이어졌습니다. 책방 주인은 낡은 책 한 권을 조심스레 건네주었습니다.', 'Each time the wind blew, a bell rang softly in the distance. After the rain, two rainbows stood side by side in the sky.', NULL, '2026-07-21 11:29:00', '2026-07-21 11:29:00'),
(2164, 198, 11, '돌아오는 길', 'PAGE', NULL, NULL, 'https://picsum.photos/seed/page2164/800/600', '2026-07-21 11:29:00', '2026-07-21 11:29:00'),
(2165, 198, 12, '돌아오는 길', 'PAGE', '다락방에 쌓인 먼지 속에서 오래된 이야기가 깨어났습니다. 오래된 우체통 속에는 아직 부치지 못한 편지가 남아 있었습니다.', 'The bookshop owner carefully handed over a worn, old book. The bookshop owner carefully handed over a worn, old book.', NULL, '2026-07-21 11:29:00', '2026-07-21 11:29:00'),
(2166, 199, 1, '노을 지는 골목', 'POEM', '낯선 골목 끝에서 뜻밖의 친구를 만났습니다. 책방 주인은 낡은 책 한 권을 조심스레 건네주었습니다.', 'Every small step slowly grew into real courage. The bookshop owner carefully handed over a worn, old book.', NULL, '2026-07-21 19:12:00', '2026-07-21 19:12:00'),
(2167, 199, 2, '첫 만남', 'POEM', '다락방에 쌓인 먼지 속에서 오래된 이야기가 깨어났습니다. 물레방아가 돌아가는 소리를 들으며 하루를 마무리했습니다.', 'Whenever the train passed, the little town seemed to pause for a moment. Dust settled over the attic, and an old story quietly woke up.', NULL, '2026-07-21 19:12:00', '2026-07-21 19:12:00'),
(2168, 199, 3, '노을 지는 골목', 'POEM', '물레방아가 돌아가는 소리를 들으며 하루를 마무리했습니다. 다락방에 쌓인 먼지 속에서 오래된 이야기가 깨어났습니다.', 'The sunset spilled through the window, painting the whole village red. Whenever the train passed, the little town seemed to pause for a moment.', NULL, '2026-07-21 19:12:00', '2026-07-21 19:12:00'),
(2169, 199, 4, '새로운 아침', 'POEM', '작은 발걸음 하나하나가 커다란 용기로 이어졌습니다. 기차가 지나갈 때마다 작은 마을은 잠시 멈춘 듯했습니다.', 'Dust settled over the attic, and an old story quietly woke up. After the rain, two rainbows stood side by side in the sky.', NULL, '2026-07-21 19:12:00', '2026-07-21 19:12:00'),
(2170, 199, 5, '작은 약속', 'POEM', '기차가 지나갈 때마다 작은 마을은 잠시 멈춘 듯했습니다. 오래된 우체통 속에는 아직 부치지 못한 편지가 남아 있었습니다.', 'She ended the day listening to the slow turn of the water mill. At the end of the unfamiliar alley, an unexpected friend was waiting.', NULL, '2026-07-21 19:12:00', '2026-07-21 19:12:00'),
(2171, 199, 6, '새로운 아침', 'POEM', '비 갠 뒤 하늘에는 두 개의 무지개가 나란히 걸렸습니다. 기차가 지나갈 때마다 작은 마을은 잠시 멈춘 듯했습니다.', 'The bookshop owner carefully handed over a worn, old book. At the end of the unfamiliar alley, an unexpected friend was waiting.', NULL, '2026-07-21 19:12:00', '2026-07-21 19:12:00'),
(2172, 200, 1, '숨겨진 편지', 'PAGE', NULL, NULL, 'https://picsum.photos/seed/page2172/800/600', '2026-07-21 08:31:00', '2026-07-21 08:31:00'),
(2173, 200, 2, '숨겨진 편지', 'PAGE', '낯선 골목 끝에서 뜻밖의 친구를 만났습니다. 다락방에 쌓인 먼지 속에서 오래된 이야기가 깨어났습니다.', 'At the end of the unfamiliar alley, an unexpected friend was waiting. The bookshop owner carefully handed over a worn, old book.', NULL, '2026-07-21 08:31:00', '2026-07-21 08:31:00'),
(2174, 200, 3, '돌아오는 길', 'PAGE', NULL, NULL, 'https://picsum.photos/seed/page2174/800/600', '2026-07-21 08:31:00', '2026-07-21 08:31:00'),
(2175, 200, 4, '돌아오는 길', 'PAGE', '물레방아가 돌아가는 소리를 들으며 하루를 마무리했습니다. 창밖으로 노을이 번지자 마을 전체가 붉게 물들었습니다.', 'She ended the day listening to the slow turn of the water mill. Each time the wind blew, a bell rang softly in the distance.', NULL, '2026-07-21 08:31:00', '2026-07-21 08:31:00'),
(2176, 200, 5, '노을 지는 골목', 'PAGE', NULL, NULL, 'https://picsum.photos/seed/page2176/800/600', '2026-07-21 08:31:00', '2026-07-21 08:31:00'),
(2177, 200, 6, '노을 지는 골목', 'PAGE', '바람이 불어올 때마다 종소리가 은은하게 울렸습니다. 기차가 지나갈 때마다 작은 마을은 잠시 멈춘 듯했습니다.', 'After the rain, two rainbows stood side by side in the sky. She ended the day listening to the slow turn of the water mill.', NULL, '2026-07-21 08:31:00', '2026-07-21 08:31:00'),
(2178, 200, 7, '다시 부는 바람', 'PAGE', NULL, NULL, 'https://picsum.photos/seed/page2178/800/600', '2026-07-21 08:31:00', '2026-07-21 08:31:00'),
(2179, 200, 8, '다시 부는 바람', 'PAGE', '비 갠 뒤 하늘에는 두 개의 무지개가 나란히 걸렸습니다. 비 갠 뒤 하늘에는 두 개의 무지개가 나란히 걸렸습니다.', 'After the rain, two rainbows stood side by side in the sky. The sunset spilled through the window, painting the whole village red.', NULL, '2026-07-21 08:31:00', '2026-07-21 08:31:00'),
(2180, 200, 9, '노을 지는 골목', 'PAGE', NULL, NULL, 'https://picsum.photos/seed/page2180/800/600', '2026-07-21 08:31:00', '2026-07-21 08:31:00'),
(2181, 200, 10, '노을 지는 골목', 'PAGE', '낯선 골목 끝에서 뜻밖의 친구를 만났습니다. 바람이 불어올 때마다 종소리가 은은하게 울렸습니다.', 'Whenever the train passed, the little town seemed to pause for a moment. Each time the wind blew, a bell rang softly in the distance.', NULL, '2026-07-21 08:31:00', '2026-07-21 08:31:00'),
(2182, 201, 1, '노을 지는 골목', 'ESSAY', '바람이 불어올 때마다 종소리가 은은하게 울렸습니다. 다락방에 쌓인 먼지 속에서 오래된 이야기가 깨어났습니다.', 'Every small step slowly grew into real courage. She ended the day listening to the slow turn of the water mill.', NULL, '2026-07-21 19:29:00', '2026-07-21 19:29:00'),
(2183, 201, 2, '작은 약속', 'ESSAY', '바람이 불어올 때마다 종소리가 은은하게 울렸습니다. 바람이 불어올 때마다 종소리가 은은하게 울렸습니다.', 'After the rain, two rainbows stood side by side in the sky. At the end of the unfamiliar alley, an unexpected friend was waiting.', NULL, '2026-07-21 19:29:00', '2026-07-21 19:29:00'),
(2184, 201, 3, '돌아오는 길', 'ESSAY', '작은 발걸음 하나하나가 커다란 용기로 이어졌습니다. 바람이 불어올 때마다 종소리가 은은하게 울렸습니다.', 'At the end of the unfamiliar alley, an unexpected friend was waiting. Each time the wind blew, a bell rang softly in the distance.', NULL, '2026-07-21 19:29:00', '2026-07-21 19:29:00'),
(2185, 201, 4, '숨겨진 편지', 'ESSAY', '오래된 우체통 속에는 아직 부치지 못한 편지가 남아 있었습니다. 낯선 골목 끝에서 뜻밖의 친구를 만났습니다.', 'The sunset spilled through the window, painting the whole village red. She ended the day listening to the slow turn of the water mill.', NULL, '2026-07-21 19:29:00', '2026-07-21 19:29:00'),
(2186, 201, 5, '작은 약속', 'ESSAY', '낯선 골목 끝에서 뜻밖의 친구를 만났습니다. 창밖으로 노을이 번지자 마을 전체가 붉게 물들었습니다.', 'The sunset spilled through the window, painting the whole village red. She ended the day listening to the slow turn of the water mill.', NULL, '2026-07-21 19:29:00', '2026-07-21 19:29:00'),
(2187, 201, 6, '돌아오는 길', 'ESSAY', '오래된 우체통 속에는 아직 부치지 못한 편지가 남아 있었습니다. 비 갠 뒤 하늘에는 두 개의 무지개가 나란히 걸렸습니다.', 'Every small step slowly grew into real courage. The sunset spilled through the window, painting the whole village red.', NULL, '2026-07-21 19:29:00', '2026-07-21 19:29:00'),
(2188, 202, 1, '노을 지는 골목', 'CHAPTER', '책방 주인은 낡은 책 한 권을 조심스레 건네주었습니다. 창밖으로 노을이 번지자 마을 전체가 붉게 물들었습니다.', 'Inside the old mailbox sat a letter that was never sent. Inside the old mailbox sat a letter that was never sent.', NULL, '2026-07-21 21:30:00', '2026-07-21 21:30:00'),
(2189, 202, 2, '돌아오는 길', 'CHAPTER', '작은 발걸음 하나하나가 커다란 용기로 이어졌습니다. 바람이 불어올 때마다 종소리가 은은하게 울렸습니다.', 'Every small step slowly grew into real courage. She ended the day listening to the slow turn of the water mill.', NULL, '2026-07-21 21:30:00', '2026-07-21 21:30:00'),
(2190, 202, 3, '마지막 인사', 'CHAPTER', '책방 주인은 낡은 책 한 권을 조심스레 건네주었습니다. 책방 주인은 낡은 책 한 권을 조심스레 건네주었습니다.', 'The bookshop owner carefully handed over a worn, old book. Each time the wind blew, a bell rang softly in the distance.', NULL, '2026-07-21 21:30:00', '2026-07-21 21:30:00'),
(2191, 202, 4, '마지막 인사', 'CHAPTER', '비 갠 뒤 하늘에는 두 개의 무지개가 나란히 걸렸습니다. 비 갠 뒤 하늘에는 두 개의 무지개가 나란히 걸렸습니다.', 'At the end of the unfamiliar alley, an unexpected friend was waiting. The bookshop owner carefully handed over a worn, old book.', NULL, '2026-07-21 21:30:00', '2026-07-21 21:30:00'),
(2192, 202, 5, '마지막 인사', 'CHAPTER', '낯선 골목 끝에서 뜻밖의 친구를 만났습니다. 책방 주인은 낡은 책 한 권을 조심스레 건네주었습니다.', 'The bookshop owner carefully handed over a worn, old book. The sunset spilled through the window, painting the whole village red.', NULL, '2026-07-21 21:30:00', '2026-07-21 21:30:00'),
(2193, 202, 6, '노을 지는 골목', 'CHAPTER', '바람이 불어올 때마다 종소리가 은은하게 울렸습니다. 바람이 불어올 때마다 종소리가 은은하게 울렸습니다.', 'At the end of the unfamiliar alley, an unexpected friend was waiting. Every small step slowly grew into real courage.', NULL, '2026-07-21 21:30:00', '2026-07-21 21:30:00'),
(2194, 202, 7, '작은 약속', 'CHAPTER', '바람이 불어올 때마다 종소리가 은은하게 울렸습니다. 오래된 우체통 속에는 아직 부치지 못한 편지가 남아 있었습니다.', 'She ended the day listening to the slow turn of the water mill. Every small step slowly grew into real courage.', NULL, '2026-07-21 21:30:00', '2026-07-21 21:30:00'),
(2195, 202, 8, '작은 약속', 'CHAPTER', '창밖으로 노을이 번지자 마을 전체가 붉게 물들었습니다. 기차가 지나갈 때마다 작은 마을은 잠시 멈춘 듯했습니다.', 'After the rain, two rainbows stood side by side in the sky. The bookshop owner carefully handed over a worn, old book.', NULL, '2026-07-21 21:30:00', '2026-07-21 21:30:00'),
(2196, 203, 1, '작은 약속', 'CHAPTER', '낯선 골목 끝에서 뜻밖의 친구를 만났습니다. 오래된 우체통 속에는 아직 부치지 못한 편지가 남아 있었습니다.', 'Every small step slowly grew into real courage. The sunset spilled through the window, painting the whole village red.', NULL, '2026-07-20 22:16:00', '2026-07-20 22:16:00'),
(2197, 203, 2, '작은 약속', 'CHAPTER', '낯선 골목 끝에서 뜻밖의 친구를 만났습니다. 책방 주인은 낡은 책 한 권을 조심스레 건네주었습니다.', 'The bookshop owner carefully handed over a worn, old book. At the end of the unfamiliar alley, an unexpected friend was waiting.', NULL, '2026-07-20 22:16:00', '2026-07-20 22:16:00'),
(2198, 203, 3, '새로운 아침', 'CHAPTER', '작은 발걸음 하나하나가 커다란 용기로 이어졌습니다. 비 갠 뒤 하늘에는 두 개의 무지개가 나란히 걸렸습니다.', 'At the end of the unfamiliar alley, an unexpected friend was waiting. Whenever the train passed, the little town seemed to pause for a moment.', NULL, '2026-07-20 22:16:00', '2026-07-20 22:16:00'),
(2199, 203, 4, '돌아오는 길', 'CHAPTER', '물레방아가 돌아가는 소리를 들으며 하루를 마무리했습니다. 물레방아가 돌아가는 소리를 들으며 하루를 마무리했습니다.', 'After the rain, two rainbows stood side by side in the sky. After the rain, two rainbows stood side by side in the sky.', NULL, '2026-07-20 22:16:00', '2026-07-20 22:16:00'),
(2200, 203, 5, '노을 지는 골목', 'CHAPTER', '책방 주인은 낡은 책 한 권을 조심스레 건네주었습니다. 창밖으로 노을이 번지자 마을 전체가 붉게 물들었습니다.', 'Whenever the train passed, the little town seemed to pause for a moment. Dust settled over the attic, and an old story quietly woke up.', NULL, '2026-07-20 22:16:00', '2026-07-20 22:16:00'),
(2201, 203, 6, '돌아오는 길', 'CHAPTER', '창밖으로 노을이 번지자 마을 전체가 붉게 물들었습니다. 작은 발걸음 하나하나가 커다란 용기로 이어졌습니다.', 'Each time the wind blew, a bell rang softly in the distance. The bookshop owner carefully handed over a worn, old book.', NULL, '2026-07-20 22:16:00', '2026-07-20 22:16:00'),
(2202, 204, 1, '노을 지는 골목', 'PAGE', NULL, NULL, 'https://picsum.photos/seed/page2202/800/600', '2026-07-21 10:37:00', '2026-07-21 10:37:00'),
(2203, 204, 2, '노을 지는 골목', 'PAGE', '비 갠 뒤 하늘에는 두 개의 무지개가 나란히 걸렸습니다. 다락방에 쌓인 먼지 속에서 오래된 이야기가 깨어났습니다.', 'Whenever the train passed, the little town seemed to pause for a moment. Dust settled over the attic, and an old story quietly woke up.', NULL, '2026-07-21 10:37:00', '2026-07-21 10:37:00'),
(2204, 204, 3, '숨겨진 편지', 'PAGE', NULL, NULL, 'https://picsum.photos/seed/page2204/800/600', '2026-07-21 10:37:00', '2026-07-21 10:37:00'),
(2205, 204, 4, '숨겨진 편지', 'PAGE', '작은 발걸음 하나하나가 커다란 용기로 이어졌습니다. 오래된 우체통 속에는 아직 부치지 못한 편지가 남아 있었습니다.', 'Dust settled over the attic, and an old story quietly woke up. Whenever the train passed, the little town seemed to pause for a moment.', NULL, '2026-07-21 10:37:00', '2026-07-21 10:37:00'),
(2206, 204, 5, '새로운 아침', 'PAGE', NULL, NULL, 'https://picsum.photos/seed/page2206/800/600', '2026-07-21 10:37:00', '2026-07-21 10:37:00'),
(2207, 204, 6, '새로운 아침', 'PAGE', '낯선 골목 끝에서 뜻밖의 친구를 만났습니다. 기차가 지나갈 때마다 작은 마을은 잠시 멈춘 듯했습니다.', 'She ended the day listening to the slow turn of the water mill. The sunset spilled through the window, painting the whole village red.', NULL, '2026-07-21 10:37:00', '2026-07-21 10:37:00'),
(2208, 204, 7, '새로운 아침', 'PAGE', NULL, NULL, 'https://picsum.photos/seed/page2208/800/600', '2026-07-21 10:37:00', '2026-07-21 10:37:00'),
(2209, 204, 8, '새로운 아침', 'PAGE', '작은 발걸음 하나하나가 커다란 용기로 이어졌습니다. 다락방에 쌓인 먼지 속에서 오래된 이야기가 깨어났습니다.', 'At the end of the unfamiliar alley, an unexpected friend was waiting. Dust settled over the attic, and an old story quietly woke up.', NULL, '2026-07-21 10:37:00', '2026-07-21 10:37:00'),
(2210, 204, 9, '노을 지는 골목', 'PAGE', NULL, NULL, 'https://picsum.photos/seed/page2210/800/600', '2026-07-21 10:37:00', '2026-07-21 10:37:00'),
(2211, 204, 10, '노을 지는 골목', 'PAGE', '기차가 지나갈 때마다 작은 마을은 잠시 멈춘 듯했습니다. 물레방아가 돌아가는 소리를 들으며 하루를 마무리했습니다.', 'The sunset spilled through the window, painting the whole village red. She ended the day listening to the slow turn of the water mill.', NULL, '2026-07-21 10:37:00', '2026-07-21 10:37:00'),
(2212, 204, 11, '새로운 아침', 'PAGE', NULL, NULL, 'https://picsum.photos/seed/page2212/800/600', '2026-07-21 10:37:00', '2026-07-21 10:37:00'),
(2213, 204, 12, '새로운 아침', 'PAGE', '기차가 지나갈 때마다 작은 마을은 잠시 멈춘 듯했습니다. 창밖으로 노을이 번지자 마을 전체가 붉게 물들었습니다.', 'Each time the wind blew, a bell rang softly in the distance. She ended the day listening to the slow turn of the water mill.', NULL, '2026-07-21 10:37:00', '2026-07-21 10:37:00'),
(2214, 205, 1, '다시 부는 바람', 'PAGE', NULL, NULL, 'https://picsum.photos/seed/page2214/800/600', '2026-07-21 15:56:00', '2026-07-21 15:56:00'),
(2215, 205, 2, '다시 부는 바람', 'PAGE', '오래된 우체통 속에는 아직 부치지 못한 편지가 남아 있었습니다. 낯선 골목 끝에서 뜻밖의 친구를 만났습니다.', 'She ended the day listening to the slow turn of the water mill. The sunset spilled through the window, painting the whole village red.', NULL, '2026-07-21 15:56:00', '2026-07-21 15:56:00'),
(2216, 205, 3, '마지막 인사', 'PAGE', NULL, NULL, 'https://picsum.photos/seed/page2216/800/600', '2026-07-21 15:56:00', '2026-07-21 15:56:00'),
(2217, 205, 4, '마지막 인사', 'PAGE', '작은 발걸음 하나하나가 커다란 용기로 이어졌습니다. 바람이 불어올 때마다 종소리가 은은하게 울렸습니다.', 'Every small step slowly grew into real courage. After the rain, two rainbows stood side by side in the sky.', NULL, '2026-07-21 15:56:00', '2026-07-21 15:56:00'),
(2218, 205, 5, '노을 지는 골목', 'PAGE', NULL, NULL, 'https://picsum.photos/seed/page2218/800/600', '2026-07-21 15:56:00', '2026-07-21 15:56:00'),
(2219, 205, 6, '노을 지는 골목', 'PAGE', '오래된 우체통 속에는 아직 부치지 못한 편지가 남아 있었습니다. 비 갠 뒤 하늘에는 두 개의 무지개가 나란히 걸렸습니다.', 'At the end of the unfamiliar alley, an unexpected friend was waiting. She ended the day listening to the slow turn of the water mill.', NULL, '2026-07-21 15:56:00', '2026-07-21 15:56:00'),
(2220, 205, 7, '돌아오는 길', 'PAGE', NULL, NULL, 'https://picsum.photos/seed/page2220/800/600', '2026-07-21 15:56:00', '2026-07-21 15:56:00'),
(2221, 205, 8, '돌아오는 길', 'PAGE', '기차가 지나갈 때마다 작은 마을은 잠시 멈춘 듯했습니다. 비 갠 뒤 하늘에는 두 개의 무지개가 나란히 걸렸습니다.', 'After the rain, two rainbows stood side by side in the sky. Each time the wind blew, a bell rang softly in the distance.', NULL, '2026-07-21 15:56:00', '2026-07-21 15:56:00'),
(2222, 205, 9, '새로운 아침', 'PAGE', NULL, NULL, 'https://picsum.photos/seed/page2222/800/600', '2026-07-21 15:56:00', '2026-07-21 15:56:00'),
(2223, 205, 10, '새로운 아침', 'PAGE', '물레방아가 돌아가는 소리를 들으며 하루를 마무리했습니다. 오래된 우체통 속에는 아직 부치지 못한 편지가 남아 있었습니다.', 'Whenever the train passed, the little town seemed to pause for a moment. Each time the wind blew, a bell rang softly in the distance.', NULL, '2026-07-21 15:56:00', '2026-07-21 15:56:00'),
(2224, 205, 11, '작은 약속', 'PAGE', NULL, NULL, 'https://picsum.photos/seed/page2224/800/600', '2026-07-21 15:56:00', '2026-07-21 15:56:00'),
(2225, 205, 12, '작은 약속', 'PAGE', '작은 발걸음 하나하나가 커다란 용기로 이어졌습니다. 낯선 골목 끝에서 뜻밖의 친구를 만났습니다.', 'Whenever the train passed, the little town seemed to pause for a moment. Dust settled over the attic, and an old story quietly woke up.', NULL, '2026-07-21 15:56:00', '2026-07-21 15:56:00'),
(2226, 205, 13, '돌아오는 길', 'PAGE', NULL, NULL, 'https://picsum.photos/seed/page2226/800/600', '2026-07-21 15:56:00', '2026-07-21 15:56:00'),
(2227, 205, 14, '돌아오는 길', 'PAGE', '창밖으로 노을이 번지자 마을 전체가 붉게 물들었습니다. 낯선 골목 끝에서 뜻밖의 친구를 만났습니다.', 'At the end of the unfamiliar alley, an unexpected friend was waiting. The bookshop owner carefully handed over a worn, old book.', NULL, '2026-07-21 15:56:00', '2026-07-21 15:56:00');

-- book_image (신작 커버+동화 삽화, 57 rows)
INSERT INTO `book_image` (`id`, `book_id`, `book_page_id`, `image_type`, `image_order`, `file_url`, `file_name`, `file_extension`, `file_size`, `created_at`, `updated_at`, `deleted_at`) VALUES
(2364, 186, NULL, 'COVER', 1, 'https://picsum.photos/seed/cover186/600/800', 'cover_186.png', 'png', 1502364, '2026-07-20 20:51:00', '2026-07-20 20:51:00', NULL),
(2365, 187, NULL, 'COVER', 1, 'https://picsum.photos/seed/cover187/600/800', 'cover_187.png', 'png', 1502365, '2026-07-20 15:24:00', '2026-07-20 15:24:00', NULL),
(2366, 187, 2065, 'PAGE', 1, 'https://picsum.photos/seed/page2065/800/600', 'page_2065.png', 'png', 302065, '2026-07-20 15:24:00', '2026-07-20 15:24:00', NULL),
(2367, 187, 2067, 'PAGE', 1, 'https://picsum.photos/seed/page2067/800/600', 'page_2067.png', 'png', 302067, '2026-07-20 15:24:00', '2026-07-20 15:24:00', NULL),
(2368, 187, 2069, 'PAGE', 1, 'https://picsum.photos/seed/page2069/800/600', 'page_2069.png', 'png', 302069, '2026-07-20 15:24:00', '2026-07-20 15:24:00', NULL),
(2369, 187, 2071, 'PAGE', 1, 'https://picsum.photos/seed/page2071/800/600', 'page_2071.png', 'png', 302071, '2026-07-20 15:24:00', '2026-07-20 15:24:00', NULL),
(2370, 187, 2073, 'PAGE', 1, 'https://picsum.photos/seed/page2073/800/600', 'page_2073.png', 'png', 302073, '2026-07-20 15:24:00', '2026-07-20 15:24:00', NULL),
(2371, 187, 2075, 'PAGE', 1, 'https://picsum.photos/seed/page2075/800/600', 'page_2075.png', 'png', 302075, '2026-07-20 15:24:00', '2026-07-20 15:24:00', NULL),
(2372, 187, 2077, 'PAGE', 1, 'https://picsum.photos/seed/page2077/800/600', 'page_2077.png', 'png', 302077, '2026-07-20 15:24:00', '2026-07-20 15:24:00', NULL),
(2373, 188, NULL, 'COVER', 1, 'https://picsum.photos/seed/cover188/600/800', 'cover_188.png', 'png', 1502373, '2026-07-20 18:46:00', '2026-07-20 18:46:00', NULL),
(2374, 189, NULL, 'COVER', 1, 'https://picsum.photos/seed/cover189/600/800', 'cover_189.png', 'png', 1502374, '2026-07-21 11:59:00', '2026-07-21 11:59:00', NULL),
(2375, 189, 2086, 'PAGE', 1, 'https://picsum.photos/seed/page2086/800/600', 'page_2086.png', 'png', 302086, '2026-07-21 11:59:00', '2026-07-21 11:59:00', NULL),
(2376, 189, 2088, 'PAGE', 1, 'https://picsum.photos/seed/page2088/800/600', 'page_2088.png', 'png', 302088, '2026-07-21 11:59:00', '2026-07-21 11:59:00', NULL),
(2377, 189, 2090, 'PAGE', 1, 'https://picsum.photos/seed/page2090/800/600', 'page_2090.png', 'png', 302090, '2026-07-21 11:59:00', '2026-07-21 11:59:00', NULL),
(2378, 189, 2092, 'PAGE', 1, 'https://picsum.photos/seed/page2092/800/600', 'page_2092.png', 'png', 302092, '2026-07-21 11:59:00', '2026-07-21 11:59:00', NULL),
(2379, 189, 2094, 'PAGE', 1, 'https://picsum.photos/seed/page2094/800/600', 'page_2094.png', 'png', 302094, '2026-07-21 11:59:00', '2026-07-21 11:59:00', NULL),
(2380, 189, 2096, 'PAGE', 1, 'https://picsum.photos/seed/page2096/800/600', 'page_2096.png', 'png', 302096, '2026-07-21 11:59:00', '2026-07-21 11:59:00', NULL),
(2381, 190, NULL, 'COVER', 1, 'https://picsum.photos/seed/cover190/600/800', 'cover_190.png', 'png', 1502381, '2026-07-20 09:42:00', '2026-07-20 09:42:00', NULL),
(2382, 191, NULL, 'COVER', 1, 'https://picsum.photos/seed/cover191/600/800', 'cover_191.png', 'png', 1502382, '2026-07-20 17:47:00', '2026-07-20 17:47:00', NULL),
(2383, 192, NULL, 'COVER', 1, 'https://picsum.photos/seed/cover192/600/800', 'cover_192.png', 'png', 1502383, '2026-07-21 10:59:00', '2026-07-21 10:59:00', NULL),
(2384, 193, NULL, 'COVER', 1, 'https://picsum.photos/seed/cover193/600/800', 'cover_193.png', 'png', 1502384, '2026-07-20 21:23:00', '2026-07-20 21:23:00', NULL),
(2385, 194, NULL, 'COVER', 1, 'https://picsum.photos/seed/cover194/600/800', 'cover_194.png', 'png', 1502385, '2026-07-21 12:55:00', '2026-07-21 12:55:00', NULL),
(2386, 195, NULL, 'COVER', 1, 'https://picsum.photos/seed/cover195/600/800', 'cover_195.png', 'png', 1502386, '2026-07-21 16:53:00', '2026-07-21 16:53:00', NULL),
(2387, 196, NULL, 'COVER', 1, 'https://picsum.photos/seed/cover196/600/800', 'cover_196.png', 'png', 1502387, '2026-07-20 22:48:00', '2026-07-20 22:48:00', NULL),
(2388, 197, NULL, 'COVER', 1, 'https://picsum.photos/seed/cover197/600/800', 'cover_197.png', 'png', 1502388, '2026-07-21 19:09:00', '2026-07-21 19:09:00', NULL),
(2389, 198, NULL, 'COVER', 1, 'https://picsum.photos/seed/cover198/600/800', 'cover_198.png', 'png', 1502389, '2026-07-21 11:29:00', '2026-07-21 11:29:00', NULL),
(2390, 198, 2154, 'PAGE', 1, 'https://picsum.photos/seed/page2154/800/600', 'page_2154.png', 'png', 302154, '2026-07-21 11:29:00', '2026-07-21 11:29:00', NULL),
(2391, 198, 2156, 'PAGE', 1, 'https://picsum.photos/seed/page2156/800/600', 'page_2156.png', 'png', 302156, '2026-07-21 11:29:00', '2026-07-21 11:29:00', NULL),
(2392, 198, 2158, 'PAGE', 1, 'https://picsum.photos/seed/page2158/800/600', 'page_2158.png', 'png', 302158, '2026-07-21 11:29:00', '2026-07-21 11:29:00', NULL),
(2393, 198, 2160, 'PAGE', 1, 'https://picsum.photos/seed/page2160/800/600', 'page_2160.png', 'png', 302160, '2026-07-21 11:29:00', '2026-07-21 11:29:00', NULL),
(2394, 198, 2162, 'PAGE', 1, 'https://picsum.photos/seed/page2162/800/600', 'page_2162.png', 'png', 302162, '2026-07-21 11:29:00', '2026-07-21 11:29:00', NULL),
(2395, 198, 2164, 'PAGE', 1, 'https://picsum.photos/seed/page2164/800/600', 'page_2164.png', 'png', 302164, '2026-07-21 11:29:00', '2026-07-21 11:29:00', NULL),
(2396, 199, NULL, 'COVER', 1, 'https://picsum.photos/seed/cover199/600/800', 'cover_199.png', 'png', 1502396, '2026-07-21 19:12:00', '2026-07-21 19:12:00', NULL),
(2397, 200, NULL, 'COVER', 1, 'https://picsum.photos/seed/cover200/600/800', 'cover_200.png', 'png', 1502397, '2026-07-21 08:31:00', '2026-07-21 08:31:00', NULL),
(2398, 200, 2172, 'PAGE', 1, 'https://picsum.photos/seed/page2172/800/600', 'page_2172.png', 'png', 302172, '2026-07-21 08:31:00', '2026-07-21 08:31:00', NULL),
(2399, 200, 2174, 'PAGE', 1, 'https://picsum.photos/seed/page2174/800/600', 'page_2174.png', 'png', 302174, '2026-07-21 08:31:00', '2026-07-21 08:31:00', NULL),
(2400, 200, 2176, 'PAGE', 1, 'https://picsum.photos/seed/page2176/800/600', 'page_2176.png', 'png', 302176, '2026-07-21 08:31:00', '2026-07-21 08:31:00', NULL),
(2401, 200, 2178, 'PAGE', 1, 'https://picsum.photos/seed/page2178/800/600', 'page_2178.png', 'png', 302178, '2026-07-21 08:31:00', '2026-07-21 08:31:00', NULL),
(2402, 200, 2180, 'PAGE', 1, 'https://picsum.photos/seed/page2180/800/600', 'page_2180.png', 'png', 302180, '2026-07-21 08:31:00', '2026-07-21 08:31:00', NULL),
(2403, 201, NULL, 'COVER', 1, 'https://picsum.photos/seed/cover201/600/800', 'cover_201.png', 'png', 1502403, '2026-07-21 19:29:00', '2026-07-21 19:29:00', NULL),
(2404, 202, NULL, 'COVER', 1, 'https://picsum.photos/seed/cover202/600/800', 'cover_202.png', 'png', 1502404, '2026-07-21 21:30:00', '2026-07-21 21:30:00', NULL),
(2405, 203, NULL, 'COVER', 1, 'https://picsum.photos/seed/cover203/600/800', 'cover_203.png', 'png', 1502405, '2026-07-20 22:16:00', '2026-07-20 22:16:00', NULL),
(2406, 204, NULL, 'COVER', 1, 'https://picsum.photos/seed/cover204/600/800', 'cover_204.png', 'png', 1502406, '2026-07-21 10:37:00', '2026-07-21 10:37:00', NULL),
(2407, 204, 2202, 'PAGE', 1, 'https://picsum.photos/seed/page2202/800/600', 'page_2202.png', 'png', 302202, '2026-07-21 10:37:00', '2026-07-21 10:37:00', NULL),
(2408, 204, 2204, 'PAGE', 1, 'https://picsum.photos/seed/page2204/800/600', 'page_2204.png', 'png', 302204, '2026-07-21 10:37:00', '2026-07-21 10:37:00', NULL),
(2409, 204, 2206, 'PAGE', 1, 'https://picsum.photos/seed/page2206/800/600', 'page_2206.png', 'png', 302206, '2026-07-21 10:37:00', '2026-07-21 10:37:00', NULL),
(2410, 204, 2208, 'PAGE', 1, 'https://picsum.photos/seed/page2208/800/600', 'page_2208.png', 'png', 302208, '2026-07-21 10:37:00', '2026-07-21 10:37:00', NULL),
(2411, 204, 2210, 'PAGE', 1, 'https://picsum.photos/seed/page2210/800/600', 'page_2210.png', 'png', 302210, '2026-07-21 10:37:00', '2026-07-21 10:37:00', NULL),
(2412, 204, 2212, 'PAGE', 1, 'https://picsum.photos/seed/page2212/800/600', 'page_2212.png', 'png', 302212, '2026-07-21 10:37:00', '2026-07-21 10:37:00', NULL),
(2413, 205, NULL, 'COVER', 1, 'https://picsum.photos/seed/cover205/600/800', 'cover_205.png', 'png', 1502413, '2026-07-21 15:56:00', '2026-07-21 15:56:00', NULL),
(2414, 205, 2214, 'PAGE', 1, 'https://picsum.photos/seed/page2214/800/600', 'page_2214.png', 'png', 302214, '2026-07-21 15:56:00', '2026-07-21 15:56:00', NULL),
(2415, 205, 2216, 'PAGE', 1, 'https://picsum.photos/seed/page2216/800/600', 'page_2216.png', 'png', 302216, '2026-07-21 15:56:00', '2026-07-21 15:56:00', NULL),
(2416, 205, 2218, 'PAGE', 1, 'https://picsum.photos/seed/page2218/800/600', 'page_2218.png', 'png', 302218, '2026-07-21 15:56:00', '2026-07-21 15:56:00', NULL),
(2417, 205, 2220, 'PAGE', 1, 'https://picsum.photos/seed/page2220/800/600', 'page_2220.png', 'png', 302220, '2026-07-21 15:56:00', '2026-07-21 15:56:00', NULL),
(2418, 205, 2222, 'PAGE', 1, 'https://picsum.photos/seed/page2222/800/600', 'page_2222.png', 'png', 302222, '2026-07-21 15:56:00', '2026-07-21 15:56:00', NULL),
(2419, 205, 2224, 'PAGE', 1, 'https://picsum.photos/seed/page2224/800/600', 'page_2224.png', 'png', 302224, '2026-07-21 15:56:00', '2026-07-21 15:56:00', NULL),
(2420, 205, 2226, 'PAGE', 1, 'https://picsum.photos/seed/page2226/800/600', 'page_2226.png', 'png', 302226, '2026-07-21 15:56:00', '2026-07-21 15:56:00', NULL);

-- book.cover_image_id 채우기 (book_image 생성 이후)
UPDATE `book` SET `cover_image_id` = 2364 WHERE `id` = 186;
UPDATE `book` SET `cover_image_id` = 2365 WHERE `id` = 187;
UPDATE `book` SET `cover_image_id` = 2373 WHERE `id` = 188;
UPDATE `book` SET `cover_image_id` = 2374 WHERE `id` = 189;
UPDATE `book` SET `cover_image_id` = 2381 WHERE `id` = 190;
UPDATE `book` SET `cover_image_id` = 2382 WHERE `id` = 191;
UPDATE `book` SET `cover_image_id` = 2383 WHERE `id` = 192;
UPDATE `book` SET `cover_image_id` = 2384 WHERE `id` = 193;
UPDATE `book` SET `cover_image_id` = 2385 WHERE `id` = 194;
UPDATE `book` SET `cover_image_id` = 2386 WHERE `id` = 195;
UPDATE `book` SET `cover_image_id` = 2387 WHERE `id` = 196;
UPDATE `book` SET `cover_image_id` = 2388 WHERE `id` = 197;
UPDATE `book` SET `cover_image_id` = 2389 WHERE `id` = 198;
UPDATE `book` SET `cover_image_id` = 2396 WHERE `id` = 199;
UPDATE `book` SET `cover_image_id` = 2397 WHERE `id` = 200;
UPDATE `book` SET `cover_image_id` = 2403 WHERE `id` = 201;
UPDATE `book` SET `cover_image_id` = 2404 WHERE `id` = 202;
UPDATE `book` SET `cover_image_id` = 2405 WHERE `id` = 203;
UPDATE `book` SET `cover_image_id` = 2406 WHERE `id` = 204;
UPDATE `book` SET `cover_image_id` = 2413 WHERE `id` = 205;

SET FOREIGN_KEY_CHECKS=1;
